number,name,symbol,appearance,atomic_number,group_block,period,element_category,atomic_weight,electron_configuration,per_shell,phase,melting_point,boiling_point,density_at_stp,when_liquid_at_mp,when_liquid_at_bp,triple_point,critical_point,heat_of_fusion,heat_of_vaporization,molar_heat_capacity,p_(pa),oxidation_states,electronegativity,ionization_energies,van_der_waals_radius,crystal_structure,magnetic_ordering,discovery,atomic_radius
1,Hydrogen,H,colorless gas,1,"group 1, s-block",1,diatomic nonmetal,1.008 (1.00784–1.00811),1s1,1,gas,"13.99 K (?259.16 °C, ?434.49 °F)","20.271 K (?252.879 °C, ?423.182 °F)",0.08988 g/L,0.07 g/cm3 (solid: 0.0763 g·cm?3),0.07099 g/cm3,"13.8033 K, 7.041 kPa","32.938 K, 1.2858 MPa",(H2) 0.117 kJ/mol,(H2) 0.904 kJ/mol,(H2) 28.836 J/(mol·K),"vapor pressure, P (Pa), 1, 10, 100, 1 k, 10 k, 100 k, at T (K), 15, 20","?1, +1 (an amphoteric oxide)",Pauling scale: 2.20,1st: 1312.0 kJ/mol,120 pm,hexagonal,diamagnetic,Henry Cavendish (1766),
2,Helium,He,"colorless gas, exhibiting a red-orange glow when placed in a high-voltage electric field",2,"group 18 (noble gases), s-block",1,noble gas,4.002602(2),1s2,2,gas,"0.95 K (?272.20 °C, ?457.96 °F) (at 2.5 MPa)","4.222 K (?268.928 °C, ?452.070 °F)",0.1786 g/L,0.145 g/cm3,0.125 g/cm3,"2.177 K, 5.043 kPa","5.1953 K, 0.22746 MPa",0.0138 kJ/mol,0.0829 kJ/mol,20.78 J/(mol·K),"vapor pressure (defined by ITS-90), P (Pa), 1, 10, 100, 1 k, 10 k, 100 k, at T (K), 1.23, 1.67, 2.48, 4.21",0,Pauling scale: no data,"1st: 2372.3 kJ/mol, 2nd: 5250.5 kJ/mol",140 pm,hexagonal close-packed (hcp),diamagnetic,"Pierre Janssen, Norman Lockyer (1868)",
3,Lithium,Li,silvery-white,3,"group 1 (alkali metals), s-block",2,alkali metal,6.94 (6.938–6.997),[He] 2s1,"2, 1",solid,"453.65 K (180.50 °C, 356.90 °F)","1603 K (1330 °C, 2426 °F)",,0.512 g/cm3,,,"3220 K, 67 MPa (extrapolated)",3.00 kJ/mol,136 kJ/mol,24.860 J/(mol·K),"vapor pressure, P (Pa), 1, 10, 100, 1 k, 10 k, 100 k, at T (K), 797, 885, 995, 1144, 1337, 1610",+1 (a strongly basic oxide),Pauling scale: 0.98,"1st: 520.2 kJ/mol, 2nd: 7298.1 kJ/mol, 3rd: 11815.0 kJ/mol",182 pm,body-centered cubic (bcc),paramagnetic,Johan August Arfwedson (1817),empirical: 152 pm
4,Beryllium,Be,white-gray metallic,4,"group 2 (alkaline earth metals), s-block",2,alkaline earth metal,9.0121831(5),[He] 2s2,"2, 2",solid,"1560 K (1287 °C, 2349 °F)","2742 K (2469 °C, 4476 °F)",,1.690 g/cm3,,,"5205 K,  MPa (extrapolated)",12.2 kJ/mol,292 kJ/mol,16.443 J/(mol·K),"vapor pressure, P (Pa), 1, 10, 100, 1 k, 10 k, 100 k, at T (K), 1462, 1608, 1791, 2023, 2327, 2742","+2, +1 (an amphoteric oxide)",Pauling scale: 1.57,"1st: 899.5 kJ/mol, 2nd: 1757.1 kJ/mol, 3rd: 14,848.7 kJ/mol, (more)",153 pm,hexagonal close-packed (hcp),diamagnetic,Louis Nicolas Vauquelin (1797),empirical: 112 pm
5,Boron,B,black-brown,5,"group 13, p-block",2,metalloid,10.81 (10.806–10.821),[He] 2s2 2p1,"2, 3",solid,"2349 K (2076 °C, 3769 °F)","4200 K (3927 °C, 7101 °F)",,,,,,50.2 kJ/mol,508 kJ/mol,11.087 J/(mol·K),"vapor pressure, P (Pa), 1, 10, 100, 1 k, 10 k, 100 k, at T (K), 2348, 2562, 2822, 3141, 3545, 4072","3, 2, 1, ?1, ?5 (a mildly acidic oxide)",Pauling scale: 2.04,"1st: 800.6 kJ/mol, 2nd: 2427.1 kJ/mol, 3rd: 3659.7 kJ/mol, (more)",192 pm,rhombohedral,diamagnetic,Joseph Louis Gay-Lussac and Louis Jacques Thénard (30 June 1808),empirical: 90 pm
6,Carbon,C,"graphite: black, diamond: clear",6,"group 14 (carbon group), p-block",2,"polyatomic nonmetal, sometimes considered a metalloid",12.011 (12.0096–12.0116),[He] 2s2 2p2,"2, 4",solid,,,,,,"4600 K, 10,800 kPa",,graphite: 117 kJ/mol,,"graphite: 8.517 J/(mol·K), diamond: 6.155 J/(mol·K)",,"+4, +3, +2, +1, 0, ?1, ?2, ?3, ?4 (a mildly acidic oxide)",Pauling scale: 2.55,"1st: 1086.5 kJ/mol, 2nd: 2352.6 kJ/mol, 3rd: 4620.5 kJ/mol, (more)",170 pm,diamond: face-centered diamond-cubic,diamagnetic,Egyptians and Sumerians (3750 BCE),
7,Nitrogen,N,"colorless gas, liquid or solid",7,"group 15 (pnictogens), p-block",2,diatomic nonmetal,14.007 (14.00643–14.00728),[He] 2s2 2p3,"2, 5",gas,"63.15 K (?210.00 °C, ?346.00 °F)","77.355 K (?195.795 °C, ?320.431 °F)",1.251 g/L,,0.808 g/cm3,"63.151 K, 12.52 kPa","126.192 K, 3.3958 MPa",(N2) 0.72 kJ/mol,,(N2) 29.124 J/(mol·K),"vapour pressure, P (Pa), 1, 10, 100, 1 k, 10 k, 100 k, at T (K), 37, 41, 46, 53, 62, 77","5, 4, 3, 2, 1, ?1, ?2, ?3 (a strongly acidic oxide)",Pauling scale: 3.04,,155 pm,hexagonal,diamagnetic,Daniel Rutherford (1772),
8,Oxygen,O,"gas: colorless, liquid: pale blue",8,"group 16 (chalcogens), p-block",2,diatomic nonmetal,15.999 (15.99903–15.99977),[He] 2s2 2p4,"2, 6",gas,"54.36 K (?218.79 °C, ?361.82 °F)","90.188 K (?182.962 °C, ?297.332 °F)",1.429 g/L,,1.141 g/cm3,"54.361 K, 0.1463 kPa","154.581 K, 5.043 MPa",(O2) 0.444 kJ/mol,(O2) 6.82 kJ/mol,(O2) 29.378 J/(mol·K),"vapor pressure, P (Pa), 1, 10, 100, 1 k, 10 k, 100 k, at T (K), 61, 73, 90","2, 1, ?1, ?2",Pauling scale: 3.44,"1st: 1313.9 kJ/mol, 2nd: 3388.3 kJ/mol, 3rd: 5300.5 kJ/mol, (more)",152 pm,cubic,paramagnetic,Carl Wilhelm Scheele (1772),
9,Fluorine,F,"gas: very pale yellow liquid: bright yellow solid: alpha is opaque, beta is transparent",9,"group 17 (halogens), p-block",2,diatomic nonmetal,18.998403163(6),[He] 2s2 2p5,"2, 7",gas,"53.48 K (?219.67 °C, ?363.41 °F)","85.03 K (?188.11 °C, ?306.60 °F)",1.696 g/L,,1.505 g/cm3,"53.48 K, 90 kPa","144.41 K, 5.1724 MPa",,6.51 kJ/mol,"Cp: 31 J/(mol·K) (at 21.1 °C), Cv: 23 J/(mol·K) (at 21.1 °C)","vapor pressure, P (Pa), 1, 10, 100, 1 k, 10 k, 100 k, at T (K), 38, 44, 50, 58, 69, 85",?1 (oxidizes oxygen),Pauling scale: 3.98,"1st: 1681 kJ/mol, 2nd: 3374 kJ/mol, 3rd: 6147 kJ/mol, (more)",135 pm,cubic,diamagnetic (?1.2×10?4),André-Marie Ampère (1810),
10,Neon,Ne,colorless gas exhibiting an orange-red glow when placed in a high voltage electric field,10,"group 18 (noble gases), p-block",2,noble gas,20.1797(6),[He] 2s2 2p6,"2, 8",gas,"24.56 K (?248.59 °C, ?415.46 °F)","27.104 K (?246.046 °C, ?410.883 °F)",0.9002 g/L,,1.207 g/cm3,"24.556 K, 43.37 kPa","44.4918 K, 2.7686 MPa",0.335 kJ/mol,1.71 kJ/mol,20.79 J/(mol·K),"vapor pressure, P (Pa), 1, 10, 100, 1 k, 10 k, 100 k, at T (K), 12, 13, 15, 18, 21, 27",0,,"1st: 2080.7 kJ/mol, 2nd: 3952.3 kJ/mol, 3rd: 6122 kJ/mol, (more)",154 pm,face-centered cubic (fcc),diamagnetic,,
11,Sodium,Na,silvery white metallic,11,"group 1 (alkali metals), s-block",3,alkali metal,22.98976928(2),[Ne] 3s1,"2, 8, 1",solid,"370.944 K (97.794 °C, 208.029 °F)","1156.090 K (882.940 °C, 1621.292 °F)",,0.927 g/cm3,,,"2573 K, 35 MPa (extrapolated)",2.60 kJ/mol,97.42 kJ/mol,28.230 J/(mol·K),"vapor pressure, P (Pa), 1, 10, 100, 1 k, 10 k, 100 k, at T (K), 554, 617, 697, 802, 946, 1153","+1, ?1 (a strongly basic oxide)",Pauling scale: 0.93,"1st: 495.8 kJ/mol, 2nd: 4562 kJ/mol, 3rd: 6910.3 kJ/mol, (more)",227 pm,body-centered cubic (bcc),paramagnetic,,empirical: 186 pm
12,Magnesium,Mg,shiny grey solid,12,"group 2 (alkaline earth metals), s-block",3,alkaline earth metal,24.305 (24.304–24.307),[Ne] 3s2,"2, 8, 2",solid,"923 K (650 °C, 1202 °F)","1363 K (1091 °C, 1994 °F)",,1.584 g/cm3,,,,8.48 kJ/mol,128 kJ/mol,24.869 J/(mol·K),"vapor pressure, P (Pa), 1, 10, 100, 1 k, 10 k, 100 k, at T (K), 701, 773, 861, 971, 1132, 1361","+2, +1 (a strongly basic oxide)",Pauling scale: 1.31,"1st: 737.7 kJ/mol, 2nd: 1450.7 kJ/mol, 3rd: 7732.7 kJ/mol, (more)",173 pm,hexagonal close-packed (hcp),paramagnetic,Joseph Black (1755),empirical: 160 pm
13,Aluminum,Al,silvery gray metallic,13,"group 13, p-block",3,"post-transition metal, sometimes considered a metalloid",26.9815385(7),[Ne] 3s2 3p1,"2, 8, 3",solid,"933.47 K (660.32 °C, 1220.58 °F)","2743 K (2470 °C, 4478 °F)",,2.375 g/cm3,,,,10.71 kJ/mol,284 kJ/mol,24.20 J/(mol·K),"vapor pressure, P (Pa), 1, 10, 100, 1 k, 10 k, 100 k, at T (K), 1482, 1632, 1817, 2054, 2364, 2790","+3, +2, +1, ?1, ?2 (an amphoteric oxide)",Pauling scale: 1.61,"1st: 577.5 kJ/mol, 2nd: 1816.7 kJ/mol, 3rd: 2744.8 kJ/mol, (more)",184 pm,face-centered cubic (fcc),paramagnetic,,empirical: 143 pm
14,Silicon,Si,"crystalline, reflective with bluish-tinged faces",14,"group 14 (carbon group), p-block",3,metalloid,28.085 (28.084–28.086),[Ne] 3s2 3p2,"2, 8, 4",solid,"1687 K (1414 °C, 2577 °F)","3538 K (3265 °C, 5909 °F)",,2.57 g/cm3,,,,50.21 kJ/mol,383 kJ/mol,19.789 J/(mol·K),"vapor pressure, P (Pa), 1, 10, 100, 1 k, 10 k, 100 k, at T (K), 1908, 2102, 2339, 2636, 3021, 3537","4, 3, 2, 1 ?1, ?2, ?3, ?4 (an amphoteric oxide)",Pauling scale: 1.90,"1st: 786.5 kJ/mol, 2nd: 1577.1 kJ/mol, 3rd: 3231.6 kJ/mol, (more)",210 pm,face-centered diamond-cubic,diamagnetic,,empirical: 111 pm
15,Phosphorus,P,"colourless, waxy white, yellow, scarlet, red, violet, black",15,"group 15 (pnictogens), p-block",3,polyatomic nonmetal,30.973761998(5),[Ne] 3s2 3p3,"2, 8, 5",solid,,,,,,,,white: 0.66 kJ/mol,,white: 23.824 J/(mol·K),"vapour pressure (red, b.p. 431 °C)","5, 4, 3, 2, 1, ?1, ?2, ?3 (a mildly acidic oxide)",Pauling scale: 2.19,,180 pm,body-centred cubic (bcc),"white, red, violet, black: diamagnetic",Hennig Brand (1669),
16,Sulfur,S,lemon yellow sintered microcrystals,16,"group 16 (chalcogens), p-block",3,polyatomic nonmetal,32.06 (32.059–32.076),[Ne] 3s2 3p4,"2, 8, 6",solid,"388.36 K (115.21 °C, 239.38 °F)","717.8 K (444.6 °C, 832.3 °F)",,1.819 g/cm3,,,"1314 K, 20.7 MPa",mono: 1.727 kJ/mol,mono: 45 kJ/mol,22.75 J/(mol·K),"vapor pressure, P (Pa), 1, 10, 100, 1 k, 10 k, 100 k, at T (K), 375, 408, 449, 508, 591, 717","6, 5, 4, 3, 2, 1, ?1, ?2 (a strongly acidic oxide)",Pauling scale: 2.58,"1st: 999.6 kJ/mol, 2nd: 2252 kJ/mol, 3rd: 3357 kJ/mol, (more)",180 pm,orthorhombic,diamagnetic,Chinese (before 2000 BCE),
17,Chlorine,Cl,pale yellow-green gas,17,"group 17 (halogens), p-block",3,diatomic nonmetal,35.45 (35.446–35.457),[Ne] 3s2 3p5,"2, 8, 7",gas,"171.6 K (?101.5 °C, ?150.7 °F)","239.11 K (?34.04 °C, ?29.27 °F)",3.2 g/L,,1.5625 g/cm3,,"416.9 K, 7.991 MPa",(Cl2) 6.406 kJ/mol,,"(Cl2), 33.949 J/(mol·K)","vapour pressure, P (Pa), 1, 10, 100, 1 k, 10 k, 100 k, at T (K), 128, 139, 153, 170, 197, 239","7, 6, 5, 4, 3, 2, 1, ?1 (a strongly acidic oxide)",Pauling scale: 3.16,,175 pm,orthorhombic,diamagnetic,,
18,Argon,Ar,colorless gas exhibiting a lilac/violet glow when placed in a high voltage electric field,18,"group 18 (noble gases), p-block",3,noble gas,39.948(1),[Ne] 3s2 3p6,"2, 8, 8",gas,"83.81 K (?189.34 °C, ?308.81 °F)","87.302 K (?185.848 °C, ?302.526 °F)",1.784 g/L,,1.3954 g/cm3,"83.8058 K, 68.89 kPa","150.687 K, 4.863 MPa",1.18 kJ/mol,6.53 kJ/mol,20.85 J/(mol·K),"vapor pressure, P (Pa), 1, 10, 100, 1 k, 10 k, 100 k, at T (K), 47, 53, 61, 71, 87",0,Pauling scale: no data,"1st: 1520.6 kJ/mol, 2nd: 2665.8 kJ/mol, 3rd: 3931 kJ/mol, (more)",188 pm,face-centered cubic (fcc),diamagnetic,,
19,Potassium,K,silvery gray,19,"group 1 (alkali metals), s-block",4,alkali metal,39.0983(1),[Ar] 4s1,"2, 8, 8, 1",solid,"336.7 K (63.5 °C, 146.3 °F)","1032 K (759 °C, 1398 °F)",,0.828 g/cm3,,,"2223 K, 16 MPa",2.33 kJ/mol,76.9 kJ/mol,29.6 J/(mol·K),,"+1, ?1 (a strongly basic oxide)",Pauling scale: 0.82,"1st: 418.8 kJ/mol, 2nd: 3052 kJ/mol, 3rd: 4420 kJ/mol, (more)",275 pm,body-centered cubic (bcc),paramagnetic,,empirical: 227 pm
20,Calcium,Ca,"dull gray, silver; with a pale yellow tint",20,"group 2 (alkaline earth metals), s-block",4,alkaline earth metal,40.078(4),[Ar] 4s2,"2, 8, 8, 2",solid,"1115 K (842 °C, 1548 °F)","1757 K (1484 °C, 2703 °F)",,1.378 g/cm3,,,,8.54 kJ/mol,154.7 kJ/mol,25.929 J/(mol·K),"vapor pressure, P (Pa), 1, 10, 100, 1 k, 10 k, 100 k, at T (K), 864, 956, 1071, 1227, 1443, 1755","+2, +1 (a strongly basic oxide)",Pauling scale: 1.00,"1st: 589.8 kJ/mol, 2nd: 1145.4 kJ/mol, 3rd: 4912.4 kJ/mol, (more)",231 pm,face-centered cubic (fcc),diamagnetic,,empirical: 197 pm
21,Scandium,Sc,silvery white,21,"group 3, d-block",4,transition metal,44.955908(5),[Ar] 3d1 4s2,"2, 8, 9, 2",solid,"1814 K (1541 °C, 2806 °F)","3109 K (2836 °C, 5136 °F)",,2.80 g/cm3,,,,14.1 kJ/mol,332.7 kJ/mol,25.52 J/(mol·K),"vapor pressure, P (Pa), 1, 10, 100, 1 k, 10 k, 100 k, at T (K), 1645, 1804, (2006), (2266), (2613), (3101)","3, 2, 1 (an amphoteric oxide)",Pauling scale: 1.36,"1st: 633.1 kJ/mol, 2nd: 1235.0 kJ/mol, 3rd: 2388.6 kJ/mol, (more)",211 pm,hexagonal close-packed (hcp),paramagnetic,,empirical: 162 pm
22,Titanium,Ti,silvery grey-white metallic,22,"group 4, d-block",4,transition metal,47.867(1),[Ar] 3d2 4s2,"2, 8, 10, 2",solid,"1941 K (1668 °C, 3034 °F)","3560 K (3287 °C, 5949 °F)",,4.11 g/cm3,,,,14.15 kJ/mol,425 kJ/mol,25.060 J/(mol·K),"vapor pressure, P (Pa), 1, 10, 100, 1 k, 10 k, 100 k, at T (K), 1982, 2171, (2403), 2692, 3064, 3558","4, 3, 2, 1, ?1, ?2 (an amphoteric oxide)",Pauling scale: 1.54,"1st: 658.8 kJ/mol, 2nd: 1309.8 kJ/mol, 3rd: 2652.5 kJ/mol, (more)",,hexagonal close-packed (hcp),paramagnetic,William Gregor (1791),empirical: 147 pm
23,Vanadium,V,blue-silver-grey metal,23,"group 5, d-block",4,transition metal,50.9415(1),[Ar] 3d3 4s2,"2, 8, 11, 2",solid,"2183 K (1910 °C, 3470 °F)","3680 K (3407 °C, 6165 °F)",,5.5 g/cm3,,,,21.5 kJ/mol,444 kJ/mol,24.89 J/(mol·K),"vapor pressure, P (Pa), 1, 10, 100, 1 k, 10 k, 100 k, at T (K), 2101, 2289, 2523, 2814, 3187, 3679","5, 4, 3, 2, 1, ?1, ?3 (an amphoteric oxide)",Pauling scale: 1.63,"1st: 650.9 kJ/mol, 2nd: 1414 kJ/mol, 3rd: 2830 kJ/mol, (more)",,body-centered cubic (bcc),paramagnetic,Andrés Manuel del Río (1801),empirical: 134 pm
24,Chromium,Cr,silvery metallic,24,"group 6, d-block",4,transition metal,51.9961(6),[Ar] 3d5 4s1,"2, 8, 13, 1",solid,"2180 K (1907 °C, 3465 °F)","2944 K (2671 °C, 4840 °F)",,6.3 g/cm3,,,,21.0 kJ/mol,347 kJ/mol,23.35 J/(mol·K),"vapor pressure, P (Pa), 1, 10, 100, 1 k, 10 k, 100 k, at T (K), 1656, 1807, 1991, 2223, 2530, 2942","6, 5, 4, 3, 2, 1, ?1, ?2, ?4 (depending on the oxidation state, an acidic, basic, or amphoteric oxide)",Pauling scale: 1.66,"1st: 652.9 kJ/mol, 2nd: 1590.6 kJ/mol, 3rd: 2987 kJ/mol, (more)",,body-centered cubic (bcc),antiferromagnetic (rather: SDW),,empirical: 128 pm
25,Manganese,Mn,silvery metallic,25,"group 7, d-block",4,transition metal,54.938044(3),[Ar] 3d5 4s2,"2, 8, 13, 2",solid,"1519 K (1246 °C, 2275 °F)","2334 K (2061 °C, 3742 °F)",,5.95 g/cm3,,,,12.91 kJ/mol,221 kJ/mol,26.32 J/(mol·K),"vapor pressure, P (Pa), 1, 10, 100, 1 k, 10 k, 100 k, at T (K), 1228, 1347, 1493, 1691, 1955, 2333","7, 6, 5, 4, 3, 2, 1, ?1, ?2, ?3 acidic, basic or amphoteric; depending on the oxidation state",Pauling scale: 1.55,"1st: 717.3 kJ/mol, 2nd: 1509.0 kJ/mol, 3rd: 3248 kJ/mol, (more)",,body-centered cubic (bcc),paramagnetic,Torbern Olof Bergman (1770),empirical: 127 pm
26,Iron,Fe,lustrous metallic with a grayish tinge,26,"group 8, d-block",4,transition metal,55.845(2),[Ar] 3d6 4s2,"2, 8, 14, 2",solid,"1811 K (1538 °C, 2800 °F)","3134 K (2862 °C, 5182 °F)",,6.98 g/cm3,,,,13.81 kJ/mol,340 kJ/mol,25.10 J/(mol·K),"vapor pressure, P (Pa), 1, 10, 100, 1 k, 10 k, 100 k, at T (K), 1728, 1890, 2091, 2346, 2679, 3132","?4, ?2, ?1, +1, +2, +3, +4, +5, +6 (an amphoteric oxide)",Pauling scale: 1.83,"1st: 762.5 kJ/mol, 2nd: 1561.9 kJ/mol, 3rd: 2957 kJ/mol, (more)",,"face-centered cubic (fcc), between 1185–1667 K",ferromagnetic,before 5000 BC,empirical: 126 pm
27,Cobalt,Co,hard lustrous bluish gray metal,27,"group 9, d-block",4,transition metal,58.933194(4),[Ar] 3d7 4s2,"2, 8, 15, 2",solid,"1768 K (1495 °C, 2723 °F)","3200 K (2927 °C, 5301 °F)",,8.86 g/cm3,,,,16.06 kJ/mol,377 kJ/mol,24.81 J/(mol·K),"vapor pressure, P (Pa), 1, 10, 100, 1 k, 10 k, 100 k, at T (K), 1790, 1960, 2165, 2423, 2755, 3198","?3, ?1, +1, +2, +3, +4, +5 (an amphoteric oxide)",Pauling scale: 1.88,"1st: 760.4 kJ/mol, 2nd: 1648 kJ/mol, 3rd: 3232 kJ/mol, (more)",,hexagonal close-packed (hcp),ferromagnetic,Georg Brandt (1732),empirical: 125 pm
28,Nickel,Ni,"lustrous, metallic, and silver with a gold tinge",28,"group 10, d-block",4,transition metal,58.6934(4),"[Ar] 3d8 4s2 or, [Ar] 3d9 4s1","2, 8, 16, 2 or 2, 8, 17, 1",solid,"1728 K (1455 °C, 2651 °F)","3003 K (2730 °C, 4946 °F)",,7.81 g/cm3,,,,17.48 kJ/mol,379 kJ/mol,26.07 J/(mol·K),"vapor pressure, P (Pa), 1, 10, 100, 1 k, 10 k, 100 k, at T (K), 1783, 1950, 2154, 2410, 2741, 3184","4, 3, 2, 1, ?1, ?2 (a mildly basic oxide)",Pauling scale: 1.91,"1st: 737.1 kJ/mol, 2nd: 1753.0 kJ/mol, 3rd: 3395 kJ/mol, (more)",163 pm,face-centered cubic (fcc),ferromagnetic,,empirical: 124 pm
29,Copper,Cu,red-orange metallic luster,29,"group 11, d-block",4,transition metal,63.546(3),[Ar] 3d10 4s1,"2, 8, 18, 1",solid,"1357.77 K (1084.62 °C, 1984.32 °F)","2835 K (2562 °C, 4643 °F)",,8.02 g/cm3,,,,13.26 kJ/mol,300.4 kJ/mol,24.440 J/(mol·K),"vapor pressure, P (Pa), 1, 10, 100, 1 k, 10 k, 100 k, at T (K), 1509, 1661, 1850, 2089, 2404, 2834","?2, +1, +2, +3, +4 (a mildly basic oxide)",Pauling scale: 1.90,"1st: 745.5 kJ/mol, 2nd: 1957.9 kJ/mol, 3rd: 3555 kJ/mol, (more)",140 pm,face-centered cubic (fcc),diamagnetic,Middle East (9000 BCE),empirical: 128 pm
30,Zinc,Zn,silver-gray,30,"group 12, d-block",4,"transition metal, alternatively considered a post-transition metal",65.38(2),[Ar] 3d10 4s2,"2, 8, 18, 2",solid,"692.68 K (419.53 °C, 787.15 °F)","1180 K (907 °C, 1665 °F)",,6.57 g/cm3,,,,7.32 kJ/mol,115 kJ/mol,25.470 J/(mol·K),"vapor pressure, P (Pa), 1, 10, 100, 1 k, 10 k, 100 k, at T (K), 610, 670, 750, 852, 990, 1179","-2, 0, +1, +2 (an amphoteric oxide)",Pauling scale: 1.65,"1st: 906.4 kJ/mol, 2nd: 1733.3 kJ/mol, 3rd: 3833 kJ/mol, (more)",139 pm,hexagonal close-packed (hcp),diamagnetic,Indian metallurgists (before 1000 BCE),empirical: 134 pm
31,Gallium,Ga,silvery blue,31,"group 13, p-block",4,post-transition metal,69.723(1),[Ar] 3d10 4s2 4p1,"2, 8, 18, 3",solid,"302.9146 K (29.7646 °C, 85.5763 °F)","2673 K (2400 °C, 4352 °F)",,6.095 g/cm3,,,,5.59 kJ/mol,256 kJ/mol,25.86 J/(mol·K),"vapor pressure, P (Pa), 1, 10, 100, 1 k, 10 k, 100 k, at T (K), 1310, 1448, 1620, 1838, 2125, 2518","3, 2, 1, ?1, ?2, ?4, ?5 (an amphoteric oxide)",Pauling scale: 1.81,"1st: 578.8 kJ/mol, 2nd: 1979.3 kJ/mol, 3rd: 2963 kJ/mol, (more)",187 pm,orthorhombic,diamagnetic,,empirical: 135 pm
32,Germanium,Ge,grayish-white,32,"group 14 (carbon group), p-block",4,metalloid,72.630(8),[Ar] 3d10 4s2 4p2,"2, 8, 18, 4",solid,"1211.40 K (938.25 °C, 1720.85 °F)","3106 K (2833 °C, 5131 °F)",,5.60 g/cm3,,,,36.94 kJ/mol,334 kJ/mol,23.222 J/(mol·K),"vapor pressure, P (Pa), 1, 10, 100, 1 k, 10 k, 100 k, at T (K), 1644, 1814, 2023, 2287, 2633, 3104","4, 3, 2, 1, 0, ?1, ?2, ?3, ?4 (an amphoteric oxide)",Pauling scale: 2.01,"1st: 762 kJ/mol, 2nd: 1537.5 kJ/mol, 3rd: 3302.1 kJ/mol",211 pm,face-centered diamond-cubic,diamagnetic,Clemens Winkler (1886),empirical: 122 pm
33,Arsenic,As,metallic grey,33,"group 15 (pnictogens), p-block",4,metalloid,74.921595(6),[Ar] 3d10 4s2 4p3,"2, 8, 18, 5",solid,,,,5.22 g/cm3,,"1090 K, 3628 kPa","1673 K, ? MPa",grey: 24.44 kJ/mol,34.76 kJ/mol (?),24.64 J/(mol·K),"vapor pressure, P (Pa), 1, 10, 100, 1 k, 10 k, 100 k, at T (K), 553, 596, 646, 706, 781, 874","5, 4, 3, 2, 1, ?1, ?2, ?3 (a mildly acidic oxide)",Pauling scale: 2.18,"1st: 947.0 kJ/mol, 2nd: 1798 kJ/mol, 3rd: 2735 kJ/mol, (more)",185 pm,rhombohedral,diamagnetic,Early Bronze Age (2500 BC),empirical: 119 pm
34,Selenium,Se,"black, red, and gray (not pictured) allotropes",34,"group 16 (chalcogens), p-block",4,"polyatomic nonmetal, sometimes considered a metalloid",78.971(8),[Ar] 3d10 4s2 4p4,"2, 8, 18, 6",solid,"494 K (221 °C, 430 °F)","958 K (685 °C, 1265 °F)",,3.99 g/cm3,,,"1766 K, 27.2 MPa",gray: 6.69 kJ/mol,95.48 kJ/mol,25.363 J/(mol·K),"vapor pressure, P (Pa), 1, 10, 100, 1 k, 10 k, 100 k, at T (K), 500, 552, 617, 704, 813, 958","6, 5, 4, 3, 2, 1, ?1, ?2 (a strongly acidic oxide)",Pauling scale: 2.55,"1st: 941.0 kJ/mol, 2nd: 2045 kJ/mol, 3rd: 2973.7 kJ/mol",190 pm,hexagonal,diamagnetic,,empirical: 120 pm
35,Bromine,Br,reddish-brown,35,"group 17 (halogens), p-block",4,diatomic nonmetal,79.904 (79.901–79.907),[Ar] 3d10 4s2 4p5,"2, 8, 18, 7",liquid,"265.8 K (?7.2 °C, 19 °F)","332.0 K (58.8 °C, 137.8 °F)",,,,"265.90 K, 5.8 kPa","588 K, 10.34 MPa",(Br2) 10.571 kJ/mol,,(Br2) 75.69 J/(mol·K),"vapour pressure, P (Pa), 1, 10, 100, 1 k, 10 k, 100 k, at T (K), 185, 201, 220, 244, 276, 332","7, 5, 4, 3, 1, ?1 (a strongly acidic oxide)",Pauling scale: 2.96,,185 pm,orthorhombic,diamagnetic,,empirical: 120 pm
36,Krypton,Kr,"colorless gas, exhibiting a whitish glow in a high electric field",36,"group 18 (noble gases), p-block",4,noble gas,83.798(2),[Ar] 3d10 4s2 4p6,"2, 8, 18, 8",gas,"115.78 K (?157.37 °C, ?251.27 °F)","119.93 K (?153.415 °C, ?244.147 °F)",3.749 g/L,,2.413 g/cm3,"115.775 K, 73.53 kPa","209.48 K, 5.525 MPa",1.64 kJ/mol,9.08 kJ/mol,20.95 J/(mol·K),"vapor pressure, P (Pa), 1, 10, 100, 1 k, 10 k, 100 k, at T (K), 59, 65, 74, 84, 99, 120","2, 1, 0 (rarely more than 0; unknown oxide)",Pauling scale: 3.00,"1st: 1350.8 kJ/mol, 2nd: 2350.4 kJ/mol, 3rd: 3565 kJ/mol",202 pm,face-centered cubic (fcc),diamagnetic,,
37,Rubidium,Rb,grey white,37,"group 1 (alkali metals), s-block",5,alkali metal,85.4678(3),[Kr] 5s1,"2, 8, 18, 8, 1",solid,"312.45 K (39.30 °C, 102.74 °F)","961 K (688 °C, 1270 °F)",,1.46 g/cm3,,"312.41 K, ? kPa","2093 K, 16 MPa (extrapolated)",2.19 kJ/mol,69 kJ/mol,31.060 J/(mol·K),"vapor pressure, P (Pa), 1, 10, 100, 1 k, 10 k, 100 k, at T (K), 434, 486, 552, 641, 769, 958","+1, ?1 (a strongly basic oxide)",Pauling scale: 0.82,"1st: 403 kJ/mol, 2nd: 2632.1 kJ/mol, 3rd: 3859.4 kJ/mol",303 pm,body-centered cubic (bcc),paramagnetic,Robert Bunsen and Gustav Kirchhoff (1861),empirical: 248 pm
38,Strontium,Sr,silvery white metallic; with a pale yellow tint,38,"group 2 (alkaline earth metals), s-block",5,alkaline earth metal,87.62(1),[Kr] 5s2,"2, 8, 18, 8, 2",solid,"1050 K (777 °C, 1431 °F)","1650 K (1377 °C, 2511 °F)",,2.375 g/cm3,,,,7.43 kJ/mol,141 kJ/mol,26.4 J/(mol·K),"vapor pressure, P (Pa), 1, 10, 100, 1 k, 10 k, 100 k, at T (K), 796, 882, 990, 1139, 1345, 1646","2, 1 (a strongly basic oxide)",Pauling scale: 0.95,"1st: 549.5 kJ/mol, 2nd: 1064.2 kJ/mol, 3rd: 4138 kJ/mol",249 pm,face-centered cubic (fcc),paramagnetic,William Cruickshank (1787),empirical: 215 pm
39,Yttrium,Y,silvery white,39,"group 3, d-block",5,transition metal,88.90584(2),[Kr] 4d1 5s2,"2, 8, 18, 9, 2",solid,"1799 K (1526 °C, 2779 °F)","3203 K (2930 °C, 5306 °F)",,4.24 g/cm3,,,,11.42 kJ/mol,363 kJ/mol,26.53 J/(mol·K),"vapor pressure, P (Pa), 1, 10, 100, 1 k, 10 k, 100 k, at T (K), 1883, 2075, (2320), (2627), (3036), (3607)","3, 2, 1 (a weakly basic oxide)",Pauling scale: 1.22,"1st: 600 kJ/mol, 2nd: 1180 kJ/mol, 3rd: 1980 kJ/mol",,hexagonal close-packed (hcp),paramagnetic,Johan Gadolin (1794),empirical: 180 pm
40,Zirconium,Zr,silvery white,40,"group 4, d-block",5,transition metal,91.224(2),[Kr] 4d2 5s2,"2, 8, 18, 10, 2",solid,"2128 K (1855 °C, 3371 °F)","4650 K (4377 °C, 7911 °F)",,5.8 g/cm3,,,,14 kJ/mol,591 kJ/mol,25.36 J/(mol·K),"vapor pressure, P (Pa), 1, 10, 100, 1 k, 10 k, 100 k, at T (K), 2639, 2891, 3197, 3575, 4053, 4678","4, 3, 2, 1, ?2 (an amphoteric oxide)",Pauling scale: 1.33,"1st: 640.1 kJ/mol, 2nd: 1270 kJ/mol, 3rd: 2218 kJ/mol",,hexagonal close-packed (hcp),paramagnetic,Martin Heinrich Klaproth (1789),empirical: 160 pm
41,Niobium,Nb,"gray metallic, bluish when oxidized",41,"group 5, d-block",5,transition metal,92.90637(2),[Kr] 4d4 5s1,"2, 8, 18, 12, 1",solid,"2750 K (2477 °C, 4491 °F)","5017 K (4744 °C, 8571 °F)",,,,,,30 kJ/mol,689.9 kJ/mol,24.60 J/(mol·K),"vapor pressure, P (Pa), 1, 10, 100, 1 k, 10 k, 100 k, at T (K), 2942, 3207, 3524, 3910, 4393, 5013","5, 4, 3, 2, 1, ?1, ?3 (a mildly acidic oxide)",Pauling scale: 1.6,"1st: 652.1 kJ/mol, 2nd: 1380 kJ/mol, 3rd: 2416 kJ/mol",,body-centered cubic (bcc),paramagnetic,Charles Hatchett (1801),empirical: 146 pm
42,Molybdenum,Mo,gray metallic,42,"group 6, d-block",5,transition metal,95.95(1),[Kr] 4d5 5s1,"2, 8, 18, 13, 1",solid,"2896 K (2623 °C, 4753 °F)","4912 K (4639 °C, 8382 °F)",,9.33 g/cm3,,,,37.48 kJ/mol,598 kJ/mol,24.06 J/(mol·K),"vapor pressure, P (Pa), 1, 10, 100, 1 k, 10 k, 100 k, at T (K), 2742, 2994, 3312, 3707, 4212, 4879","6, 5, 4, 3, 2, 1, ?1, ?2, ?4 (a strongly acidic oxide)",Pauling scale: 2.16,"1st: 684.3 kJ/mol, 2nd: 1560 kJ/mol, 3rd: 2618 kJ/mol",,body-centered cubic (bcc),paramagnetic,Carl Wilhelm Scheele (1778),empirical: 139 pm
43,Technetium,Tc,shiny gray metal,43,"group 7, d-block",5,transition metal,[98],[Kr] 4d5 5s2,"2, 8, 18, 13, 2",solid,"2430 K (2157 °C, 3915 °F)","4538 K (4265 °C, 7709 °F)",,,,,,33.29 kJ/mol,585.2 kJ/mol,24.27 J/(mol·K),"vapor pressure (extrapolated), P (Pa), 1, 10, 100, 1 k, 10 k, 100 k, at T (K), 2727, 2998, 3324, 3726, 4234, 4894","7, 6, 5, 4, 3, 2, 1, ?1, ?3 (a strongly acidic oxide)",Pauling scale: 1.9,"1st: 702 kJ/mol, 2nd: 1470 kJ/mol, 3rd: 2850 kJ/mol",,hexagonal close-packed (hcp),Paramagnetic,,empirical: 136 pm
44,Ruthenium,Ru,silvery white metallic,44,"group 8, d-block",5,transition metal,101.07(2),[Kr] 4d7 5s1,"2, 8, 18, 15, 1",,"2607 K (2334 °C, 4233 °F)","4423 K (4150 °C, 7502 °F)",,10.65 g/cm3,,,,38.59 kJ/mol,619 kJ/mol,24.06 J/(mol·K),"vapor pressure, P (Pa), 1, 10, 100, 1 k, 10 k, 100 k, at T (K), 2588, 2811, 3087, 3424, 3845, 4388","-4, -2, 1, 2, 3, 4, 5, 6, 7, 8 (a mildly acidic oxide)",Pauling scale: 2.2,"1st: 710.2 kJ/mol, 2nd: 1620 kJ/mol, 3rd: 2747 kJ/mol",,hexagonal close-packed (hcp),paramagnetic,,empirical: 134 pm
45,Rhodium,Rh,silvery white metallic,45,"group 9, d-block",5,transition metal,102.90550(2),[Kr] 4d8 5s1,"2, 8, 18, 16, 1",solid,"2237 K (1964 °C, 3567 °F)","3968 K (3695 °C, 6683 °F)",,10.7 g/cm3,,,,26.59 kJ/mol,493 kJ/mol,24.98 J/(mol·K),"vapor pressure, P (Pa), 1, 10, 100, 1 k, 10 k, 100 k, at T (K), 2288, 2496, 2749, 3063, 3405, 3997","6, 5, 4, 3, 2, 1, ?1, ?3 (an amphoteric oxide)",Pauling scale: 2.28,"1st: 719.7 kJ/mol, 2nd: 1740 kJ/mol, 3rd: 2997 kJ/mol",,face-centered cubic (fcc),paramagnetic,,empirical: 134 pm
46,Palladium,Pd,silvery white,46,"group 10, d-block",5,transition metal,106.42(1),[Kr] 4d10,"2, 8, 18, 18",solid,"1828.05 K (1554.9 °C, 2830.82 °F)","3236 K (2963 °C, 5365 °F)",,10.38 g/cm3,,,,16.74 kJ/mol,358 kJ/mol,25.98 J/(mol·K),"vapor pressure, P (Pa), 1, 10, 100, 1 k, 10 k, 100 k, at T (K), 1721, 1897, 2117, 2395, 2753, 3234","0, +1, +2, +3, +4, +5, +6 (a mildly basic oxide)",Pauling scale: 2.20,"1st: 804.4 kJ/mol, 2nd: 1870 kJ/mol, 3rd: 3177 kJ/mol",163 pm,face-centered cubic (fcc),paramagnetic,,empirical: 137 pm
47,Silver,Ag,lustrous white metal,47,"group 11, d-block",5,transition metal,107.8682(2),[Kr] 4d10 5s1,"2, 8, 18, 18, 1",solid,"1234.93 K (961.78 °C, 1763.2 °F)","2435 K (2162 °C, 3924 °F)",,9.320 g/cm3,,,,11.28 kJ/mol,254 kJ/mol,25.350 J/(mol·K),"vapor pressure, P (Pa), 1, 10, 100, 1 k, 10 k, 100 k, at T (K), 1283, 1413, 1575, 1782, 2055, 2433","?2, ?1, 1, 2, 3, 4 (an amphoteric oxide)",Pauling scale: 1.93,"1st: 731.0 kJ/mol, 2nd: 2070 kJ/mol, 3rd: 3361 kJ/mol",172 pm,face-centered cubic (fcc),diamagnetic,before 5000 BC,empirical: 144 pm
48,Cadmium,Cd,silvery bluish-gray metallic,48,"group 12, d-block",5,"transition metal, alternatively considered a post-transition metal",112.414(4),[Kr] 4d10 5s2,"2, 8, 18, 18, 2",solid,"594.22 K (321.07 °C, 609.93 °F)","1040 K (767 °C, 1413 °F)",,7.996 g/cm3,,,,6.21 kJ/mol,99.87 kJ/mol,26.020 J/(mol·K),"vapor pressure, P (Pa), 1, 10, 100, 1 k, 10 k, 100 k, at T (K), 530, 583, 654, 745, 867, 1040","2, 1, ?2 (a mildly basic oxide)",Pauling scale: 1.69,"1st: 867.8 kJ/mol, 2nd: 1631.4 kJ/mol, 3rd: 3616 kJ/mol",158 pm,hexagonal close-packed (hcp),diamagnetic,,empirical: 151 pm
49,Indium,In,silvery lustrous gray,49,"group 13, p-block",5,post-transition metal,114.818(1),[Kr] 4d10 5s2 5p1,"2, 8, 18, 18, 3",solid,"429.7485 K (156.5985 °C, 313.8773 °F)","2345 K (2072 °C, 3762 °F)",,7.02 g/cm3,,"429.7445 K, ~1 kPa",,3.281 kJ/mol,231.8 kJ/mol,26.74 J/(mol·K),"vapor pressure, P (Pa), 1, 10, 100, 1 k, 10 k, 100 k, at T (K), 1196, 1325, 1485, 1690, 1962, 2340","3, 2, 1, ?1, ?2, ?5 (an amphoteric oxide)",Pauling scale: 1.78,"1st: 558.3 kJ/mol, 2nd: 1820.7 kJ/mol, 3rd: 2704 kJ/mol",193 pm,tetragonal,diamagnetic,Ferdinand Reich and Hieronymous Theodor Richter (1863),empirical: 167 pm
50,Tin,Sn,"silvery-white (beta, ?) or gray (alpha, ?)",50,"group 14 (carbon group), p-block",5,post-transition metal,118.710(7),[Kr] 4d10 5s2 5p2,"2, 8, 18, 18, 4",solid,"505.08 K (231.93 °C, 449.47 °F)","2875 K (2602 °C, 4716 °F)",,6.99 g/cm3,,,,"white, ?: 7.03 kJ/mol","white, ?: 296.1 kJ/mol","white, ?: 27.112 J/(mol·K)","vapor pressure, P (Pa), 1, 10, 100, 1 k, 10 k, 100 k, at T (K), 1497, 1657, 1855, 2107, 2438, 2893","4, 3, 2, 1, ?1, ?2, ?3, ?4 (an amphoteric oxide)",Pauling scale: 1.96,"1st: 708.6 kJ/mol, 2nd: 1411.8 kJ/mol, 3rd: 2943.0 kJ/mol",217 pm,"face-centered diamond-cubic, gray (?)","gray: diamagnetic, white (?): paramagnetic",around 3500 BC,empirical: 140 pm
51,Antimony,Sb,silvery lustrous gray,51,"group 15 (pnictogens), p-block",5,metalloid,121.760(1),[Kr] 4d10 5s2 5p3,"2, 8, 18, 18, 5",solid,"903.78 K (630.63 °C, 1167.13 °F)","1908 K (1635 °C, 2975 °F)",,6.53 g/cm3,,,,19.79 kJ/mol,193.43 kJ/mol,25.23 J/(mol·K),"vapor pressure, P (Pa), 1, 10, 100, 1 k, 10 k, 100 k, at T (K), 807, 876, 1011, 1219, 1491, 1858","5, 4, 3, 2, 1, ?1, ?2, ?3 (an amphoteric oxide)",Pauling scale: 2.05,"1st: 834 kJ/mol, 2nd: 1594.9 kJ/mol, 3rd: 2440 kJ/mol, (more)",206 pm,rhombohedral,diamagnetic,3000 BC,empirical: 140 pm
52,Tellurium,Te,"silvery lustrous gray (crystalline),, brown-black powder (amorphous)",52,"group 16 (chalcogens), p-block",5,metalloid,127.60(3),[Kr] 4d10 5s2 5p4,"2, 8, 18, 18, 6",solid,"722.66 K (449.51 °C, 841.12 °F)","1261 K (988 °C, 1810 °F)",,5.70 g/cm3,,,,17.49 kJ/mol,114.1 kJ/mol,25.73 J/(mol·K),"vapor pressure, P (Pa), 1, 10, 100, 1 k, 10 k, 100 k, at T (K), (775), (888), 1042, 1266","6, 5, 4, 3, 2, 1, ?1, ?2 (a mildly acidic oxide)",Pauling scale: 2.1,"1st: 869.3 kJ/mol, 2nd: 1790 kJ/mol, 3rd: 2698 kJ/mol",206 pm,hexagonal,diamagnetic,Franz-Joseph Müller von Reichenstein (1782),empirical: 140 pm
53,Iodine,I,"lustrous metallic gray, violet as a gas",53,"group 17 (halogens), p-block",5,diatomic nonmetal,126.90447(3),[Kr] 4d10 5s2 5p5,"2, 8, 18, 18, 7",solid,"386.85 K (113.7 °C, 236.66 °F)","457.4 K (184.3 °C, 363.7 °F)",,,,"386.65 K, 12.1 kPa","819 K, 11.7 MPa",(I2) 15.52 kJ/mol,,(I2) 54.44 J/(mol·K),"vapour pressure (rhombic), P (Pa), 1, 10, 100, 1 k, 10 k, 100 k, at T (K), 260, 282, 309, 342, 381, 457","7, 6, 5, 4, 3, 1, ?1 (a strongly acidic oxide)",Pauling scale: 2.66,,198 pm,orthorhombic,diamagnetic,,empirical: 140 pm
54,Xenon,Xe,"colorless gas, exhibiting a blue glow when placed in a high voltage electric field",54,"group 18 (noble gases), p-block",5,noble gas,131.293(6),[Kr] 4d10 5s2 5p6,"2, 8, 18, 18, 8",gas,"161.40 K (?111.75 °C, ?169.15 °F)","165.051 K (?108.099 °C, ?162.578 °F)",5.894 g/L,,2.942 g/cm3,"161.405 K, 81.77 kPa","289.733 K, 5.842 MPa",2.27 kJ/mol,12.64 kJ/mol,21.01 J/(mol·K),"vapor pressure, P (Pa), 1, 10, 100, 1 k, 10 k, 100 k, at T (K), 83, 92, 103, 117, 137, 165","0, +1, +2, +4, +6, +8 (rarely more than 0; a weakly acidic oxide)",Pauling scale: 2.6,"1st: 1170.4 kJ/mol, 2nd: 2046.4 kJ/mol, 3rd: 3099.4 kJ/mol",216 pm,face-centered cubic (fcc),diamagnetic,,
55,Cesium,Cs,pale gold,55,"group 1 (alkali metals), s-block",6,alkali metal,132.90545196(6),[Xe] 6s1,"2, 8, 18, 18, 8, 1",solid,"301.7 K (28.5 °C, 83.3 °F)","944 K (671 °C, 1240 °F)",,1.843 g/cm3,,,"1938 K, 9.4 MPa",2.09 kJ/mol,63.9 kJ/mol,32.210 J/(mol·K),,"+1, ?1 (a strongly basic oxide)",Pauling scale: 0.79,"1st: 375.7 kJ/mol, 2nd: 2234.3 kJ/mol, 3rd: 3400 kJ/mol",343 pm,body-centred cubic (bcc),paramagnetic,Robert Bunsen and Gustav Kirchhoff (1860),empirical: 265 pm
56,Barium,Ba,silvery gray; with a pale yellow tint,56,"group 2 (alkaline earth metals), s-block",6,alkaline earth metals,137.327(7),[Xe] 6s2,"2, 8, 18, 18, 8, 2",solid,"1000 K (727 °C, 1341 °F)","2118 K (1845 °C, 3353 °F)",,3.338 g/cm3,,,,7.12 kJ/mol,142 kJ/mol,28.07 J/(mol·K),"vapor pressure, P (Pa), 1, 10, 100, 1 k, 10 k, 100 k, at T (K), 911, 1038, 1185, 1388, 1686, 2170","+2, +1 (a strongly basic oxide)",Pauling scale: 0.89,"1st: 502.9 kJ/mol, 2nd: 965.2 kJ/mol, 3rd: 3600 kJ/mol",268 pm,body-centered cubic (bcc),paramagnetic,Carl Wilhelm Scheele (1772),empirical: 222 pm
57,Lanthanum,La,silvery white,57,"group n/a, f-block",6,"lanthanide, sometimes considered a transition metal",138.90547(7),[Xe] 5d1 6s2,"2, 8, 18, 18, 9, 2",solid,"1193 K (920 °C, 1688 °F)","3737 K (3464 °C, 6267 °F)",,5.94 g/cm3,,,,6.20 kJ/mol,400 kJ/mol,27.11 J/(mol·K),"vapor pressure (extrapolated), P (Pa), 1, 10, 100, 1 k, 10 k, 100 k, at T (K), 2005, 2208, 2458, 2772, 3178, 3726","3, 2, 1 (a strongly basic oxide)",Pauling scale: 1.10,"1st: 538.1 kJ/mol, 2nd: 1067 kJ/mol, 3rd: 1850.3 kJ/mol",,double hexagonal close-packed (dhcp),paramagnetic,Carl Gustaf Mosander (1838),empirical: 187 pm
58,Cerium,Ce,silvery white,58,"group n/a, f-block",6,lanthanide,140.116(1),[Xe] 4f1 5d1 6s2,"2, 8, 18, 19, 9, 2",solid,"1068 K (795 °C, 1463 °F)","3716 K (3443 °C, 6229 °F)",,6.55 g/cm3,,,,5.46 kJ/mol,,26.94 J/(mol·K),"vapour pressure, P (Pa), 1, 10, 100, 1 k, 10 k, 100 k, at T (K), 1992, 2194, 2442, 2754, 3159, 3705","4, 3, 2, 1 (a mildly basic oxide)",Pauling scale: 1.12,,,"face-centred cubic (fcc), ?-Ce",paramagnetic,"Martin Heinrich Klaproth, Jöns Jakob Berzelius, Wilhelm Hisinger (1803)",empirical: 181.8 pm
59,Praseodymium,Pr,grayish white,59,"group n/a, f-block",6,lanthanide,140.90766(2),[Xe] 4f3 6s2,"2, 8, 18, 21, 8, 2",solid,"1208 K (935 °C, 1715 °F)","3403 K (3130 °C, 5666 °F)",,6.50 g/cm3,,,,6.89 kJ/mol,331 kJ/mol,27.20 J/(mol·K),"vapor pressure, P (Pa), 1, 10, 100, 1 k, 10 k, 100 k, at T (K), 1771, 1973, (2227), (2571), (3054), (3779)","5, 4, 3, 2 (a mildly basic oxide)",Pauling scale: 1.13,"1st: 527 kJ/mol, 2nd: 1020 kJ/mol, 3rd: 2086 kJ/mol",,double hexagonal close-packed (dhcp),paramagnetic,Carl Auer von Welsbach (1885),empirical: 182 pm
60,Neodymium,Nd,silvery white,60,"group n/a, f-block",6,lanthanide,144.242(3),[Xe] 4f4 6s2,"2, 8, 18, 22, 8, 2",solid,"1297 K (1024 °C, 1875 °F)","3347 K (3074 °C, 5565 °F)",,6.89 g/cm3,,,,7.14 kJ/mol,289 kJ/mol,27.45 J/(mol·K),"vapor pressure, P (Pa), 1, 10, 100, 1 k, 10 k, 100 k, at T (K), 1595, 1774, 1998, (2296), (2715), (3336)","+4, +3, +2 (a mildly basic oxide)",Pauling scale: 1.14,"1st: 533.1 kJ/mol, 2nd: 1040 kJ/mol, 3rd: 2130 kJ/mol",,double hexagonal close-packed (dhcp),"paramagnetic, antiferromagnetic below 20 K",Carl Auer von Welsbach (1885),empirical: 181 pm
61,Promethium,Pm,metallic,61,"group n/a, f-block",6,lanthanide,[145],[Xe] 4f5 6s2,"2, 8, 18, 23, 8, 2",solid,"1315 K (1042 °C, 1908 °F)","3273 K (3000 °C, 5432 °F)",,,,,,7.13 kJ/mol,289 kJ/mol,,,"3, 2 (a mildly basic oxide)",Pauling scale: 1.13 (?),"1st: 540 kJ/mol, 2nd: 1050 kJ/mol, 3rd: 2150 kJ/mol",,double hexagonal close-packed (dhcp),paramagnetic,"Chien Shiung Wu, Emilio Segrè, Hans Bethe (1942)",empirical: 183 pm
62,Samarium,Sm,silvery white,62,"group n/a, f-block",6,lanthanide,150.36(2),[Xe] 4f6 6s2,"2, 8, 18, 24, 8, 2",solid,"1345 K (1072 °C, 1962 °F)","2173 K (1900 °C, 3452 °F)",,7.16 g/cm3,,,,8.62 kJ/mol,192 kJ/mol,29.54 J/(mol·K),"vapor pressure, P (Pa), 1, 10, 100, 1 k, 10 k, 100 k, at T (K), 1001, 1106, 1240, (1421), (1675), (2061)","4, 3, 2, 1 (a mildly basic oxide)",Pauling scale: 1.17,"1st: 544.5 kJ/mol, 2nd: 1070 kJ/mol, 3rd: 2260 kJ/mol",,rhombohedral,paramagnetic,,empirical: 180 pm
63,Europium,Eu,"silvery white, with a pale yellow tint; but rarely seen without oxide discoloration",63,"group n/a, f-block",6,lanthanide,151.964(1),[Xe] 4f7 6s2,"2, 8, 18, 25, 8, 2",solid,"1099 K (826 °C, 1519 °F)","1802 K (1529 °C, 2784 °F)",,5.13 g/cm3,,,,9.21 kJ/mol,176 kJ/mol,27.66 J/(mol·K),"vapor pressure, P (Pa), 1, 10, 100, 1 k, 10 k, 100 k, at T (K), 863, 957, 1072, 1234, 1452, 1796","3, 2, 1 (a mildly basic oxide)",Pauling scale: 1.2,"1st: 547.1 kJ/mol, 2nd: 1085 kJ/mol, 3rd: 2404 kJ/mol",,body-centered cubic (bcc),paramagnetic,,empirical: 180 pm
64,Gadolinium,Gd,silvery white,64,"group n/a, f-block",6,lanthanide,157.25(3),[Xe] 4f7 5d1 6s2,"2, 8, 18, 25, 9, 2",solid,"1585 K (1312 °C, 2394 °F)","3273 K (3000 °C, 5432 °F)",,7.4 g/cm3,,,,10.05 kJ/mol,301.3 kJ/mol,37.03 J/(mol·K),"vapor pressure (calculated), P (Pa), 1, 10, 100, 1 k, 10 k, 100 k, at T (K), 1836, 2028, 2267, 2573, 2976, 3535","1, 2, 3 (a mildly basic oxide)",Pauling scale: 1.20,"1st: 593.4 kJ/mol, 2nd: 1170 kJ/mol, 3rd: 1990 kJ/mol",,hexagonal close-packed (hcp),ferromagnetic-paramagnetic transition at 293.4 K,Jean Charles Galissard de Marignac (1880),empirical: 180 pm
65,Terbium,Tb,silvery white,65,"group n/a, f-block",6,lanthanide,158.92535(2),[Xe] 4f9 6s2,"2, 8, 18, 27, 8, 2",solid,"1629 K (1356 °C, 2473 °F)","3396 K (3123 °C, 5653 °F)",,7.65 g/cm3,,,,10.15 kJ/mol,391 kJ/mol,28.91 J/(mol·K),"vapor pressure, P (Pa), 1, 10, 100, 1 k, 10 k, 100 k, at T (K), 1789, 1979, (2201), (2505), (2913), (3491)","4, 3, 2, 1 (a weakly basic oxide)",Pauling scale: 1.2 (?),"1st: 565.8 kJ/mol, 2nd: 1110 kJ/mol, 3rd: 2114 kJ/mol",,hexagonal close-packed (hcp),paramagnetic at 300 K,,empirical: 177 pm
66,Dysprosium,Dy,silvery white,66,"group n/a, f-block",6,lanthanide,162.500(1),[Xe] 4f10 6s2,"2, 8, 18, 28, 8, 2",solid,"1680 K (1407 °C, 2565 °F)","2840 K (2562 °C, 4653 °F)",,8.37 g/cm3,,,,11.06 kJ/mol,280 kJ/mol,27.7 J/(mol·K),"vapor pressure, P (Pa), 1, 10, 100, 1 k, 10 k, 100 k, at T (K), 1378, 1523, (1704), (1954), (2304), (2831)","4, 3, 2, 1 (a weakly basic oxide)",Pauling scale: 1.22,"1st: 573.0 kJ/mol, 2nd: 1130 kJ/mol, 3rd: 2200 kJ/mol",,hexagonal close-packed (hcp),paramagnetic at 300 K,Lecoq de Boisbaudran (1886),empirical: 178 pm
67,Holmium,Ho,silvery white,67,"group n/a, f-block",6,lanthanide,164.93033(2),[Xe] 4f11 6s2,"2, 8, 18, 29, 8, 2",solid,"1734 K (1461 °C, 2662 °F)","2873 K (2600 °C, 4712 °F)",,8.34 g/cm3,,,,17.0 kJ/mol,251 kJ/mol,27.15 J/(mol·K),"vapor pressure, P (Pa), 1, 10, 100, 1 k, 10 k, 100 k, at T (K), 1432, 1584, (1775), (2040), (2410), (2964)","3, 2, 1 (a basic oxide)",Pauling scale: 1.23,"1st: 581.0 kJ/mol, 2nd: 1140 kJ/mol, 3rd: 2204 kJ/mol",,hexagonal close-packed (hcp),paramagnetic,Marc Delafontaine (1878),empirical: 176 pm
68,Erbium,Er,silvery white,68,"group n/a, f-block",6,lanthanide,167.259(3),[Xe] 4f12 6s2,"2, 8, 18, 30, 8, 2",solid,"1802 K (1529 °C, 2784 °F)","3141 K (2868 °C, 5194 °F)",,8.86 g/cm3,,,,19.90 kJ/mol,280 kJ/mol,28.12 J/(mol·K),"vapor pressure, P (Pa), 1, 10, 100, 1 k, 10 k, 100 k, at T (K), 1504, 1663, (1885), (2163), (2552), (3132)","3, 2, 1 (a basic oxide)",Pauling scale: 1.24,"1st: 589.3 kJ/mol, 2nd: 1150 kJ/mol, 3rd: 2194 kJ/mol",,hexagonal close-packed (hcp),paramagnetic at 300 K,Carl Gustaf Mosander (1842),empirical: 176 pm
69,Thulium,Tm,silvery gray,69,"group n/a, f-block",6,lanthanide,168.93422(2),[Xe] 4f13 6s2,"2, 8, 18, 31, 8, 2",solid,"1818 K (1545 °C, 2813 °F)","2223 K (1950 °C, 3542 °F)",,8.56 g/cm3,,,,16.84 kJ/mol,191 kJ/mol,27.03 J/(mol·K),"vapor pressure, P (Pa), 1, 10, 100, 1 k, 10 k, 100 k, at T (K), 1117, 1235, 1381, 1570, (1821), (2217)","2, 3 (a basic oxide)",Pauling scale: 1.25,"1st: 596.7 kJ/mol, 2nd: 1160 kJ/mol, 3rd: 2285 kJ/mol",,hexagonal close-packed (hcp),paramagnetic (at 300 K),,empirical: 176 pm
70,Ytterbium,Yb,silvery white; with a pale yellow tint,70,"group n/a, f-block",6,lanthanide,173.045(10),[Xe] 4f14 6s2,"2, 8, 18, 32, 8, 2",solid,"1097 K (824 °C, 1515 °F)","1469 K (1196 °C, 2185 °F)",,6.21 g/cm3,,,,7.66 kJ/mol,129 kJ/mol,26.74 J/(mol·K),"vapor pressure, P (Pa), 1, 10, 100, 1 k, 10 k, 100 k, at T (K), 736, 813, 910, 1047, (1266), (1465)","3, 2, 1 (a basic oxide)",Pauling scale: 1.1 (?),"1st: 603.4 kJ/mol, 2nd: 1174.8 kJ/mol, 3rd: 2417 kJ/mol",,face-centered cubic (fcc),paramagnetic,Jean Charles Galissard de Marignac (1878),empirical: 176 pm
71,Lutetium,Lu,silvery white,71,"group n/a, d-block",6,"lanthanide, sometimes considered a transition metal",174.9668(1),[Xe] 6s2 4f14 5d1,"2, 8, 18, 32, 9, 2",solid,"1925 K (1652 °C, 3006 °F)","3675 K (3402 °C, 6156 °F)",,9.3 g/cm3,,,,ca. 22 kJ/mol,414 kJ/mol,26.86 J/(mol·K),"vapor pressure, P (Pa), 1, 10, 100, 1 k, 10 k, 100 k, at T (K), 1906, 2103, 2346, (2653), (3072), (3663)","3, 2, 1 (a weakly basic oxide)",Pauling scale: 1.27,"1st: 523.5 kJ/mol, 2nd: 1340 kJ/mol, 3rd: 2022.3 kJ/mol",,hexagonal close-packed (hcp),paramagnetic,,empirical: 174 pm
72,Hafnium,Hf,steel gray,72,"group 4, d-block",6,transition metal,178.49(2),[Xe] 4f14 5d2 6s2,"2, 8, 18, 32, 10, 2",solid,"2506 K (2233 °C, 4051 °F)","4876 K (4603 °C, 8317 °F)",,12 g/cm3,,,,27.2 kJ/mol,648 kJ/mol,25.73 J/(mol·K),"vapor pressure, P (Pa), 1, 10, 100, 1 k, 10 k, 100 k, at T (K), 2689, 2954, 3277, 3679, 4194, 4876","4, 3, 2, 1, ?2 (an amphoteric oxide)",Pauling scale: 1.3,"1st: 658.5 kJ/mol, 2nd: 1440 kJ/mol, 3rd: 2250 kJ/mol",,hexagonal close-packed (hcp),paramagnetic,,empirical: 159 pm
73,Tantalum,Ta,gray blue,73,"group 5, d-block",6,transition metal,180.94788(2),[Xe] 4f14 5d3 6s2,"2, 8, 18, 32, 11, 2",solid,"3290 K (3017 °C, 5463 °F)","5731 K (5458 °C, 9856 °F)",,15 g/cm3,,,,36.57 kJ/mol,753 kJ/mol,25.36 J/(mol·K),"vapor pressure, P (Pa), 1, 10, 100, 1 k, 10 k, 100 k, at T (K), 3297, 3597, 3957, 4395, 4939, 5634","5, 4, 3, 2, 1, ?1, ?3 (a mildly acidic oxide)",Pauling scale: 1.5,"1st: 761 kJ/mol, 2nd: 1500 kJ/mol",,"tetragonal, ?-Ta",paramagnetic,Anders Gustaf Ekeberg (1802),empirical: 146 pm
74,Tungsten,W,"grayish white, lustrous",74,"group 6, d-block",6,transition metal,183.84(1),[Xe] 4f14 5d4 6s2,"2, 8, 18, 32, 12, 2",solid,"3695 K (3422 °C, 6192 °F)","6203 K (5930 °C, 10,706 °F)",,17.6 g/cm3,,,,35.3 kJ/mol,774 kJ/mol,24.27 J/(mol·K),"vapor pressure, P (Pa), 1, 10, 100, 1 k, 10 k, 100 k, at T (K), 3477, 3773, 4137, 4579, 5127, 5823","6, 5, 4, 3, 2, 1, 0, ?1, ?2, ?4 (a mildly acidic oxide)",Pauling scale: 2.36,"1st: 770 kJ/mol, 2nd: 1700 kJ/mol",,body-centered cubic (bcc),paramagnetic,Carl Wilhelm Scheele (1781),empirical: 139 pm
75,Rhenium,Re,silvery-grayish,75,"group 7, d-block",6,transition metal,186.207(1),[Xe] 4f14 5d5 6s2,"2, 8, 18, 32, 13, 2",solid,"3459 K (3186 °C, 5767 °F)","5903 K (5630 °C, 10,170 °F)",,18.9 g/cm3,,,,60.43 kJ/mol,704 kJ/mol,25.48 J/(mol·K),"vapor pressure, P (Pa), 1, 10, 100, 1 k, 10 k, 100 k, at T (K), 3303, 3614, 4009, 4500, 5127, 5954","7, 6, 5, 4, 3, 2, 1, 0, ?1, ?3 (a mildly acidic oxide)",Pauling scale: 1.9,"1st: 760 kJ/mol, 2nd: 1260 kJ/mol, 3rd: 2510 kJ/mol, (more)",,hexagonal close-packed (hcp),paramagnetic,Masataka Ogawa (1908),empirical: 137 pm
76,Osmium,Os,"silvery, blue cast",76,"group 8, d-block",6,transition metal,190.23(3),[Xe] 4f14 5d6 6s2,"2, 8, 18, 32, 14, 2",solid,"3306 K (3033 °C, 5491 °F)","5285 K (5012 °C, 9054 °F)",,20 g/cm3,,,,31 kJ/mol,378 kJ/mol,24.7 J/(mol·K),"vapor pressure, P (Pa), 1, 10, 100, 1 k, 10 k, 100 k, at T (K), 3160, 3423, 3751, 4148, 4638, 5256","8, 7, 6, 5, 4, 3, 2, 1, 0, ?1, ?2, ?4 (a mildly acidic oxide)",Pauling scale: 2.2,"1st: 840 kJ/mol, 2nd: 1600 kJ/mol",,hexagonal close-packed (hcp),paramagnetic,,empirical: 135 pm
77,Iridium,Ir,silvery white,77,"group 9, d-block",6,transition metal,192.217(3),[Xe] 4f14 5d7 6s2,"2, 8, 18, 32, 15, 2",solid,"2719 K (2446 °C, 4435 °F)","4403 K (4130 °C, 7466 °F)",,19 g/cm3,,,,41.12 kJ/mol,564 kJ/mol,25.10 J/(mol·K),"vapor pressure, P (Pa), 1, 10, 100, 1 k, 10 k, 100 k, at T (K), 2713, 2957, 3252, 3614, 4069, 4659","?3, ?1, 0, 1, 2, 3, 4, 5, 6, 7, 8, 9",Pauling scale: 2.20,"1st: 880 kJ/mol, 2nd: 1600 kJ/mol",,face-centered cubic (fcc),paramagnetic,,empirical: 136 pm
78,Platinum,Pt,silvery white,78,"group 10, d-block",6,transition metal,195.084(9),[Xe] 4f14 5d9 6s1,"2, 8, 18, 32, 17, 1",solid,"2041.4 K (1768.3 °C, 3214.9 °F)","4098 K (3825 °C, 6917 °F)",,19.77 g/cm3,,,,22.17 kJ/mol,510 kJ/mol,25.86 J/(mol·K),"vapor pressure, P (Pa), 1, 10, 100, 1 k, 10 k, 100 k, at T (K), 2330, (2550), 2815, 3143, 3556, 4094","6, 5, 4, 3, 2, 1, ?1, ?2, ?3 (a mildly basic oxide)",Pauling scale: 2.28,"1st: 870 kJ/mol, 2nd: 1791 kJ/mol",175 pm,face-centered cubic (fcc),paramagnetic,,empirical: 139 pm
79,Gold,Au,metallic yellow,79,"group 11, d-block",6,transition metal,196.966569(5),[Xe] 4f14 5d10 6s1,"2, 8, 18, 32, 18, 1",solid,"1337.33 K (1064.18 °C, 1947.52 °F)","3243 K (2970 °C, 5378 °F)",,17.31 g/cm3,,,,12.55 kJ/mol,342 kJ/mol,25.418 J/(mol·K),"vapor pressure, P (Pa), 1, 10, 100, 1 k, 10 k, 100 k, at T (K), 1646, 1814, 2021, 2281, 2620, 3078","5, 3, 2, 1, ?1, ?2, ?3 (an amphoteric oxide)",Pauling scale: 2.54,"1st: 890.1 kJ/mol, 2nd: 1980 kJ/mol",166 pm,face-centered cubic (fcc),diamagnetic,In the Middle East (before 6000 BCE),empirical: 144 pm
80,Mercury,Hg,silvery,80,"group 12, d-block",6,"transition metal, alternatively considered a post-transition metal",200.592(3),[Xe] 4f14 5d10 6s2,"2, 8, 18, 32, 18, 2",liquid,"234.3210 K (?38.8290 °C, ?37.8922 °F)","629.88 K (356.73 °C, 674.11 °F)",,,,"234.3156 K, 1.65×10?7 kPa","1750 K, 172.00 MPa",2.29 kJ/mol,59.11 kJ/mol,27.983 J/(mol·K),"vapor pressure, P (Pa), 1, 10, 100, 1 k, 10 k, 100 k, at T (K), 315, 350, 393, 449, 523, 629","2 (mercuric), 1 (mercurous), ?2 (a mildly basic oxide)",Pauling scale: 2.00,"1st: 1007.1 kJ/mol, 2nd: 1810 kJ/mol, 3rd: 3300 kJ/mol",155 pm,rhombohedral,diamagnetic,Ancient Chinese and Indians (before 2000 BCE),empirical: 151 pm
81,Thallium,Tl,silvery white,81,"group 13, p-block",6,post-transition metal,204.38 (204.382–204.385),[Xe] 4f14 5d10 6s2 6p1,"2, 8, 18, 32, 18, 3",solid,"577 K (304 °C, 579 °F)","1746 K (1473 °C, 2683 °F)",,11.22 g/cm3,,,,4.14 kJ/mol,165 kJ/mol,26.32 J/(mol·K),"vapor pressure, P (Pa), 1, 10, 100, 1 k, 10 k, 100 k, at T (K), 882, 977, 1097, 1252, 1461, 1758","3, 2, 1, ?1, ?2, ?5 (a mildly basic oxide)",Pauling scale: 1.62,"1st: 589.4 kJ/mol, 2nd: 1971 kJ/mol, 3rd: 2878 kJ/mol",196 pm,hexagonal close-packed (hcp),diamagnetic,William Crookes (1861),empirical: 170 pm
82,Lead,Pb,metallic gray,82,"group 14 (carbon group), p-block",6,post-transition metal,207.2(1),[Xe] 4f14 5d10 6s2 6p2,"2, 8, 18, 32, 18, 4",solid,"600.61 K (327.46 °C, 621.43 °F)","2022 K (1749 °C, 3180 °F)",,10.66 g/cm3,,,,4.77 kJ/mol,179.5 kJ/mol,26.650 J/(mol·K),"vapor pressure, P (Pa), 1, 10, 100, 1 k, 10 k, 100 k, at T (K), 978, 1088, 1229, 1412, 1660, 2027","4, 3, 2, 1, ?1, ?2, ?4 (an amphoteric oxide)",Pauling scale: 1.87,"1st: 715.6 kJ/mol, 2nd: 1450.5 kJ/mol, 3rd: 3081.5 kJ/mol",202 pm,face-centered cubic (fcc),diamagnetic,Middle Easterns (7000 BCE),empirical: 175 pm
83,Bismuth,Bi,lustrous brownish silver,83,"group 15 (pnictogens), p-block",6,post-transition metal,208.98040(1),[Xe] 4f14 5d10 6s2 6p3,"2, 8, 18, 32, 18, 5",solid,"544.7 K (271.5 °C, 520.7 °F)","1837 K (1564 °C, 2847 °F)",,10.05 g/cm3,,,,11.30 kJ/mol,179 kJ/mol,25.52 J/(mol·K),"vapor pressure, P (Pa), 1, 10, 100, 1 k, 10 k, 100 k, at T (K), 941, 1041, 1165, 1325, 1538, 1835","5, 4, 3, 2, 1, ?1, ?2, ?3 (a mildly acidic oxide)",Pauling scale: 2.02,"1st: 703 kJ/mol, 2nd: 1610 kJ/mol, 3rd: 2466 kJ/mol, (more)",207 pm,rhombohedral,diamagnetic,Claude François Geoffroy (1753),empirical: 156 pm
84,Polonium,Po,silvery,84,"group 16 (chalcogens), p-block",6,"post-transition metal, but this status is disputed",-209,[Xe] 4f14 5d10 6s2 6p4,"2, 8, 18, 32, 18, 6",solid,"527 K (254 °C, 489 °F)","1235 K (962 °C, 1764 °F)",,,,,,ca. 13 kJ/mol,102.91 kJ/mol,26.4 J/(mol·K),"vapor pressure, P (Pa), 1, 10, 100, 1 k, 10 k, 100 k, at T (K), (846), 1003, 1236","6, 5, 4, 2, ?2 (an amphoteric oxide)",Pauling scale: 2.0,1st: 812.1 kJ/mol,197 pm,"rhombohedral, ?-Po",nonmagnetic,Pierre and Marie Curie (1898),empirical: 168 pm
85,Astatine,At,"unknown, probably metallic",85,"group 17 (halogens), p-block",6,"metalloid, sometimes classified as a nonmetal, or a metal",-210,[Xe] 4f14 5d10 6s2 6p5,"2, 8, 18, 32, 18, 7",solid,"575 K (302 °C, 576 °F)","610 K (337 °C, 639 °F)",,,,,,,(At2) 54.39 kJ/mol,,"vapor pressure, P (Pa), 1, 10, 100, 1 k, 10 k, 100 k, at T (K), 361, 392, 429, 475, 531, 607","?1, +1, +3, +5, +7",Pauling scale: 2.2,1st: 899.003 kJ/mol,202 pm,"face-centered cubic (fcc), (predicted)",,"Dale R. Corson, Kenneth Ross MacKenzie, Emilio Segrè (1940)",
86,Radon,Rn,"colorless gas, occasionally glows green or red in discharge tubes",86,"group 18 (noble gases), p-block",6,noble gas,-222,[Xe] 4f14 5d10 6s2 6p6,"2, 8, 18, 32, 18, 8",gas,"202 K (?71 °C, ?96 °F)","211.5 K (?61.7 °C, ?79.1 °F)",9.73 g/L,,4.4 g/cm3,,"377 K, 6.28 MPa",3.247 kJ/mol,18.10 kJ/mol,5R/2 = 20.786 J/(mol·K),"vapor pressure, P (Pa), 1, 10, 100, 1 k, 10 k, 100 k, at T (K), 110, 121, 134, 152, 176, 211","6, 2, 0",Pauling scale: 2.2,1st: 1037 kJ/mol,220 pm,face-centered cubic (fcc),non-magnetic,Ernest Rutherford and Robert B. Owens (1899),
87,Francium,Fr,,87,"group 1 (alkali metals), s-block",7,alkali metal,-223,[Rn] 7s1,"2, 8, 18, 32, 18, 8, 1",solid presumably,"? 300 K (30 °C, 80 °F)","? 950 K (680 °C, 1300 °F)",,,,,,,,,"vapor pressure (extrapolated), P (Pa), 1, 10, 100, 1 k, 10 k, 100 k, at T (K), 404, 454, 519, 608, 738, 946",+1 (a strongly basic oxide),Pauling scale: >0.79,1st: 393 kJ/mol,348 pm (extrapolated),"body-centered cubic (bcc), (extrapolated)",Paramagnetic,,
88,Radium,Ra,silvery white metallic,88,"group 2 (alkaline earth metals), s-block",7,alkaline earth metal,-226,[Rn] 7s2,"2, 8, 18, 32, 18, 8, 2",solid,"973 K (700 °C, 1292 °F) (disputed)","2010 K (1737 °C, 3159 °F)",,,,,,8.5 kJ/mol,113 kJ/mol,,"vapor pressure, P (Pa), 1, 10, 100, 1 k, 10 k, 100 k, at T (K), 819, 906, 1037, 1209, 1446, 1799",2 (expected to have a strongly basic oxide),Pauling scale: 0.9,"1st: 509.3 kJ/mol, 2nd: 979.0 kJ/mol",283 pm,body-centered cubic (bcc),nonmagnetic,Pierre and Marie Curie (1898),
89,Actinium,Ac,"silvery-white, glowing with an eerie blue light; sometimes with a golden cast",89,"group n/a, f-block",7,"actinide, sometimes considered a transition metal",-227,[Rn] 6d1 7s2,"2, 8, 18, 32, 18, 9, 2",solid,"1500 K (1227 °C, 2240 °F) (estimated)","3500±300 K (3200±300 °C, 5800±500 °F) (extrapolated)",,,,,,14 kJ/mol,400 kJ/mol,27.2 J/(mol·K),,"3, 2 (a neutral oxide)",Pauling scale: 1.1,"1st: 499 kJ/mol, 2nd: 1170 kJ/mol, 3rd: 1900 kJ/mol, (more)",,face-centered cubic (fcc),,,
90,Thorium,Th,"silvery, often with black tarnish",90,"group n/a, f-block",7,actinide,232.0377(4),[Rn] 6d2 7s2,"2, 8, 18, 32, 18, 10, 2",solid,"2023 K (1750 °C, 3182 °F)","5061 K (4788 °C, 8650 °F)",,,,,,13.81 kJ/mol,,26.230 J/(mol·K),"vapour pressure, P (Pa), 1, 10, 100, 1 k, 10 k, 100 k, at T (K), 2633, 2907, 3248, 3683, 4259, 5055","4, 3, 2, 1",Pauling scale: 1.3,,,face-centred cubic (fcc),paramagnetic,Jöns Jakob Berzelius (1829),empirical: 179.8 pm
91,Protactinium,Pa,"bright, silvery metallic luster",91,"group n/a, f-block",7,actinide,231.03588(2),[Rn] 5f2 6d1 7s2,"2, 8, 18, 32, 20, 9, 2",solid,"1841 K (1568 °C, 2854 °F)","4300 K (4027 °C, 7280 °F) (?)",,,,,,12.34 kJ/mol,481 kJ/mol,,,"2, 3, 4, 5 (a weakly basic oxide)",Pauling scale: 1.5,1st: 568 kJ/mol,,tetragonal,paramagnetic,,empirical: 163 pm
92,Uranium,U,silvery gray metallic; corrodes to a spalling black oxide coat in air,92,"group n/a, f-block",7,actinide,238.02891(3),[Rn] 5f3 6d1 7s2,"2, 8, 18, 32, 21, 9, 2",solid,"1405.3 K (1132.2 °C, 2070 °F)","4404 K (4131 °C, 7468 °F)",,17.3 g/cm3,,,,9.14 kJ/mol,417.1 kJ/mol,27.665 J/(mol·K),"vapor pressure, P (Pa), 1, 10, 100, 1 k, 10 k, 100 k, at T (K), 2325, 2564, 2859, 3234, 3727, 4402","6, 5, 4, 3, 2, 1 (a weakly basic oxide)",Pauling scale: 1.38,"1st: 597.6 kJ/mol, 2nd: 1420 kJ/mol",186 pm,orthorhombic,paramagnetic,Martin Heinrich Klaproth (1789),empirical: 156 pm
93,Neptunium,Np,silvery metallic,93,"group n/a, f-block",7,actinide,-237,[Rn] 5f4 6d1 7s2,"2, 8, 18, 32, 22, 9, 2",solid,"912±3 K (639±3 °C, 1182±5 °F)","4447 K (4174 °C, 7545 °F) (extrapolated)",,,,,,5.19 kJ/mol,336 kJ/mol,29.46 J/(mol·K),"vapor pressure, P (Pa), 1, 10, 100, 1 k, 10 k, 100 k, at T (K), 2194, 2437","7, 6, 5, 4, 3, 2 (an amphoteric oxide)",Pauling scale: 1.36,1st: 604.5 kJ/mol,,orthorhombic,paramagnetic,Edwin McMillan and Philip H. Abelson (1940),empirical: 155 pm
94,Plutonium,Pu,"silvery white, tarnishing to dark gray in air",94,"group n/a, f-block",7,actinide,-244,[Rn] 5f6 7s2,"2, 8, 18, 32, 24, 8, 2",solid,"912.5 K (639.4 °C, 1182.9 °F)","3505 K (3228 °C, 5842 °F)",,16.63 g/cm3,,,,2.82 kJ/mol,333.5 kJ/mol,35.5 J/(mol·K),"vapor pressure, P (Pa), 1, 10, 100, 1 k, 10 k, 100 k, at T (K), 1756, 1953, 2198, 2511, 2926, 3499","8, 7, 6, 5, 4, 3, 2, 1 (an amphoteric oxide)",Pauling scale: 1.28,1st: 584.7 kJ/mol,,monoclinic,paramagnetic,"Glenn T. Seaborg, Arthur Wahl, Joseph W. Kennedy, Edwin McMillan (1940–1)",empirical: 159 pm
95,Americium,Am,silvery white,95,"group n/a, f-block",7,actinide,-243,[Rn] 5f7 7s2,"2, 8, 18, 32, 25, 8, 2",solid,"1449 K (1176 °C, 2149 °F)","2880 K (2607 °C, 4725 °F) (calculated)",,,,,,14.39 kJ/mol,,62.7 J/(mol·K),"vapor pressure, P (Pa), 1, 10, 100, 1 k, 10 k, 100 k, at T (K), 1239, 1356","8, 7, 6, 5, 4, 3, 2 (an amphoteric oxide)",Pauling scale: 1.3,1st: 578 kJ/mol,,double hexagonal close-packed (dhcp),paramagnetic,"Glenn T. Seaborg, Ralph A. James, Leon O. Morgan, Albert Ghiorso (1944)",empirical: 173 pm
96,Curium,Cm,"silvery metallic, glows purple in the dark",96,"group n/a, f-block",7,actinide,-247,[Rn] 5f7 6d1 7s2,"2, 8, 18, 32, 25, 9, 2",solid,"1613 K (1340 °C, 2444 °F)","3383 K (3110 °C, 5630 °F)",,,,,,13.85 kJ/mol,,,"vapor pressure, P (Pa), 1, 10, 100, 1 k, 10 k, 100 k, at T (K), 1788, 1982","6, 4, 3, 2 (an amphoteric oxide)",Pauling scale: 1.3,1st: 581 kJ/mol,,double hexagonal close-packed (dhcp),antiferromagnetic-paramagnetic transition at 52 K,"Glenn T. Seaborg, Ralph A. James, Albert Ghiorso (1944)",empirical: 174 pm
97,Berkelium,Bk,silvery,97,"group n/a, f-block",7,actinide,-247,[Rn] 5f9 7s2,"2, 8, 18, 32, 27, 8, 2",solid,"beta: 1259 K (986 °C, 1807 °F)","beta: 2900 K (2627 °C, 4760 °F)",,,,,,7.92 kJ/mol (calculated),,,,"2, 3, 4",Pauling scale: 1.3,1st: 601 kJ/mol,,double hexagonal close-packed (dhcp),paramagnetic,Lawrence Berkeley National Laboratory (1949),empirical: 170 pm
98,Californium,Cf,silvery,98,"group n/a, f-block",7,actinide,-251,[Rn] 5f10 7s2,"2, 8, 18, 32, 28, 8, 2",solid,"1173 K (900 °C, 1652 °F)","1743 K (1470 °C, 2678 °F) (estimation)",,,,,,,,,,"2, 3, 4",Pauling scale: 1.3,1st: 608 kJ/mol,,double hexagonal close-packed (dhcp),,Lawrence Berkeley National Laboratory (1950),
99,Einsteinium,Es,silvery; glows blue in the dark,99,"group n/a, f-block",7,actinide,-252,[Rn] 5f11 7s2,"2, 8, 18, 32, 29, 8, 2",solid,"1133 K (860 °C, 1580 °F)","1269 K (996 °C, 1825 °F) (estimated)",,,,,,,,,,"2, 3, 4",Pauling scale: 1.3,1st: 619 kJ/mol,,face-centered cubic (fcc),paramagnetic,Lawrence Berkeley National Laboratory (1952),
100,Fermium,Fm,,100,"group n/a, f-block",7,actinide,-257,[Rn] 5f12 7s2,"2, 8, 18, 32, 30, 8, 2",solid (predicted),"1800 K (1527 °C, 2781 °F) (predicted)",,,,,,,,,,,"2, 3",Pauling scale: 1.3,1st: 627 kJ/mol  (estimated),,"face-centered cubic (fcc), (predicted)",,Lawrence Berkeley National Laboratory (1952),
101,Mendelevium,Md,,101,"group n/a, f-block",7,actinide,-258,[Rn] 5f13 7s2,"2, 8, 18, 32, 31, 8, 2",solid (predicted),"1100 K (827 °C, 1521 °F) (predicted)",,,,,,,,,,,"2, 3",Pauling scale: 1.3,1st: 635 kJ/mol  (estimated),,"face-centered cubic (fcc), (predicted)",,Lawrence Berkeley National Laboratory (1955),
102,Nobelium,No,,102,"group n/a, f-block",7,actinide,[259],[Rn] 5f14 7s2,"2, 8, 18, 32, 32, 8, 2",solid (predicted),"1100 K (827 °C, 1521 °F) (predicted)",,,,,,,,,,,"2, 3",Pauling scale: 1.3 (predicted),"1st: 641.6 kJ/mol, 2nd: 1254.3 kJ/mol, 3rd: 2605.1 kJ/mol  (all estimated)",,"face-centered cubic (fcc), (predicted)",,Joint Institute for Nuclear Research (1966),
103,Lawrencium,Lr,silvery (predicted),103,"group n/a, d-block",7,"actinide, sometimes considered a transition metal",[266],[Rn] 5f14 7s2 7p1,"2, 8, 18, 32, 32, 8, 3",solid (predicted),"1900 K (1627 °C, 2961 °F) (predicted)",,,,,,,,,,,3,,"1st: 478.6 kJ/mol, 2nd: 1428.0 kJ/mol (predicted), 3rd: 2219.1 kJ/mol (predicted)",,"hexagonal close-packed (hcp), (predicted)",,Lawrence Berkeley National Laboratory and Joint Institute for Nuclear Research (1961–1971),
105,Dubnium,Db,,105,"group 5, d-block",7,transition metal,[268],[Rn] 5f14 6d3 7s2 ,"2, 8, 18, 32, 32, 11, 2",solid (predicted),,,,,,,,,,,,"5, (4), (3) (parenthesized oxidation states are predictions)",,"1st: 656.1 kJ/mol, 2nd: 1546.7 kJ/mol, 3rd: 2378.4 kJ/mol, (more) (all but first estimated)",,body-centered cubic (bcc) (predicted),,Joint Institute for Nuclear Research (1968),empirical: 139 pm (estimated)
106,Seaborgium,Sg,,106,"group 6, d-block",7,transition metal,[269],[Rn] 5f14 6d4 7s2 ,"2, 8, 18, 32, 32, 12, 2",solid (predicted),,,,,,,,,,,,"6, (5), (4), (3), 0 (parenthesized oxidation states are predictions)",,"1st: 752.6 kJ/mol, 2nd: 1732.9 kJ/mol, 3rd: 2483.5 kJ/mol, (more) (all but first estimated)",,"body-centered cubic (bcc), (predicted)",,Lawrence Berkeley National Laboratory (1974),empirical: 132 pm (predicted)
107,Bohrium,Bh,,107,"group 7, d-block",7,transition metal,[270],[Rn] 5f14 6d5 7s2 ,"2, 8, 18, 32, 32, 13, 2",solid (predicted),,,,,,,,,,,,"7, (5), (4), (3) (parenthesized oxidation states are predictions)",,"1st: 742.9 kJ/mol, 2nd: 1688.5 kJ/mol, 3rd: 2566.5 kJ/mol, (more) (all but first estimated)",,"hexagonal close-packed (hcp), (predicted)",,Gesellschaft für Schwerionenforschung (1981),empirical: 128 pm (predicted)
108,Hassium,Hs,silvery (predicted),108,"group 8, d-block",7,transition metal,[269],[Rn] 5f14 6d6 7s2 ,"2, 8, 18, 32, 32, 14, 2",solid (predicted),,,,,,,,,,,,"8, (6), (5), (4), (3), (2) (parenthesized oxidation states are predictions)",,"1st: 733.3 kJ/mol, 2nd: 1756.0 kJ/mol, 3rd: 2827.0 kJ/mol, (more) (all but first estimated)",,"hexagonal close-packed (hcp), (predicted)",,Gesellschaft für Schwerionenforschung (1984),empirical: 126 pm (estimated)
109,Meitnerium,Mt,,109,"group 9, d-block",7,"unknown, but probably a transition metal",[278],[Rn] 5f14 6d7 7s2 (calculated),"2, 8, 18, 32, 32, 15, 2 (predicted)",solid (predicted),,,,,,,,,,,,"9, 8, 6, 4, 3, 1 (predicted)",,"1st: 800.8 kJ/mol, 2nd: 1823.6 kJ/mol, 3rd: 2904.2 kJ/mol, (more) (all estimated)",,"face-centered cubic (fcc), (predicted)",paramagnetic (predicted),Gesellschaft für Schwerionenforschung (1982),empirical: 128 pm (predicted)
110,Darmstadtium,Ds,,110,"group 10, d-block",7,"unknown, but probably a transition metal",[281],"[Rn] 5f14 6d8 7s2, (predicted)","2, 8, 18, 32, 32, 16, 2 (predicted)",solid (predicted),,,,,,,,,,,,"8, 6, 4, 2, 0 (predicted)",,"1st: 955.2 kJ/mol, 2nd: 1891.1 kJ/mol, 3rd: 3029.6 kJ/mol, (more) (all estimated)",,"body-centered cubic (bcc), (predicted)",,Gesellschaft für Schwerionenforschung (1994),empirical: 132 pm (predicted)
111,Roentgenium,Rg,silvery (predicted),111,"group 11, d-block",7,"unknown, but probably a transition metal",[282],[Rn] 5f14 6d9 7s2 (predicted),"2, 8, 18, 32, 32, 17, 2 (predicted)",solid (predicted),,,,,,,,,,,,"5, 3, 1, ?1 (predicted)",,"1st: 1022.7 kJ/mol, 2nd: 2074.4 kJ/mol, 3rd: 3077.9 kJ/mol, (more) (all estimated)",,"body-centered cubic (bcc), (predicted)",,Gesellschaft für Schwerionenforschung (1994),empirical: 138 pm (predicted)
112,Ununbium,Uub,,112,"group 12, d-block",7,"transition metal, alternatively considered a post-transition metal",[285],[Rn] 5f14 6d10 7s2 (predicted),"2, 8, 18, 32, 32, 18, 2 (predicted)",gas (predicted),,"357+112 108 K (84+112 108 °C, 183+202 ?194 °F)",,,,,,,,,,"4, 2, 1, 0 (predicted)",,"1st: 1154.9 kJ/mol, 2nd: 2170.0 kJ/mol, 3rd: 3164.7 kJ/mol, (more) (all estimated)",,"hexagonal close-packed (hcp), (predicted)",,Gesellschaft für Schwerionenforschung (1996),empirical: 147 pm (predicted)
113,Ununtrium,Uut,,113,"group 13, p-block",7,"unknown, but probably a post-transition metal",[286],[Rn] 5f14 6d10 7s2 7p1 (predicted),"2, 8, 18, 32, 32, 18, 3 (predicted)",solid (predicted),"700 K (430 °C, 810 °F) (predicted)","1430 K (1130 °C, 2070 °F) (predicted)",,,,,,7.61 kJ/mol (extrapolated),130 kJ/mol (predicted),,,"?1, 1, 3, 5 (predicted)",,"1st: 704.9 kJ/mol (predicted), 2nd: 2238.5 kJ/mol (predicted), 3rd: 3203.3 kJ/mol (predicted), (more)",,,,"RIKEN (2004, first undisputed) Joint Institute for Nuclear Research and Lawrence Livermore National Laboratory (2003, first announced)",empirical: 170 pm (predicted)
114,Ununquadium,Uuq,,114,"group 14 (carbon group), p-block",7,post-transition metal,[289],[Rn] 5f14 6d10 7s2 7p2 (predicted),"2, 8, 18, 32, 32, 18, 4 (predicted)",solid (predicted),"340 K (67 °C, 160 °F) (predicted)","420 K (147 °C, 297 °F) (predicted)",,,,,,,38 kJ/mol (predicted),,,"0, 1, 2, 4, 6 (predicted)",,"1st: 823.9 kJ/mol (predicted), 2nd: 1601.6 kJ/mol (predicted), 3rd: 3367.3 kJ/mol (predicted), (more)",,,,Joint Institute for Nuclear Research (JINR) and Lawrence Livermore National Laboratory (LLNL) (1999),empirical: 180 pm (predicted)
115,Ununpentium,Uup,,115,"group 15 (pnictogens), p-block",7,"unknown, but probably a post-transition metal",[289],[Rn] 5f14 6d10 7s2 7p3 (predicted),"2, 8, 18, 32, 32, 18, 5 (predicted)",solid (predicted),"670 K (400 °C, 750 °F) (predicted)","~1400 K (~1100 °C, ~2000 °F) (predicted)",,,,,,5.90–5.98 kJ/mol (extrapolated),138 kJ/mol (predicted),,,"1, 3 (prediction)",,"1st: 538.4 kJ/mol (predicted), 2nd: 1756.0 kJ/mol (predicted), 3rd: 2653.3 kJ/mol (predicted), (more)",,,,Joint Institute for Nuclear Research and Lawrence Livermore National Laboratory (2003),empirical: 187 pm (predicted)
116,Ununhexium,Uuh,,116,"group 16 (chalcogens), p-block",7,"unknown, but probably a post-transition metal",[293],[Rn] 5f14 6d10 7s2 7p4 (predicted),"2, 8, 18, 32, 32, 18, 6 (predicted)",solid (predicted),"637–780 K (364–507 °C, 687–944 °F) (extrapolated)","1035–1135 K (762–862 °C, 1403–1583 °F) (extrapolated)",,,,,,7.61 kJ/mol (extrapolated),42 kJ/mol (predicted),,,"?2, +2, +4 (predicted)",,"1st: 723.6 kJ/mol (predicted), 2nd: 1331.5 kJ/mol (predicted), 3rd: 2846.3 kJ/mol (predicted), (more)",,,,Joint Institute for Nuclear Research and Lawrence Livermore National Laboratory (2000),empirical: 183 pm (predicted)
117,Ununseptium,Uus,semimetallic (predicted),117,"group 17, p-block",7,"unknown, but probably a post-transition metal",[294],[Rn] 5f14 6d10 7s2 7p5 (predicted),"2, 8, 18, 32, 32, 18, 7 (predicted)",solid (predicted),"623–823 K (350–550 °C, 662–1022 °F) (predicted)","883 K (610 °C, 1130 °F) (predicted)",,,,,,,,,,"?1, +1, +3, +5 (predicted)",,"1st: 742.9 kJ/mol (predicted), 2nd: 1785.0–1920.1 kJ/mol (extrapolated)",,,,Joint Institute for Nuclear Research and Lawrence Livermore National Laboratory (2010),empirical: 138 pm (predicted)
118,Ununoctium,Uuo,,118,"group 18, p-block",7,"unknown, but predicted to be a noble gas",[294],[Rn] 5f14 6d10 7s2 7p6 (predicted),"2, 8, 18, 32, 32, 18, 8 (predicted)",solid (predicted),,"350±30 K (80±30 °C, 170±50 °F) (extrapolated)",,,,,"439 K, 6.8 MPa (extrapolated)",23.5 kJ/mol (extrapolated),19.4 kJ/mol (extrapolated),,,"?1, 0, +1, +2, +4, +6 (predicted)",,"1st: 839.4 kJ/mol (predicted), 2nd: 1563.1 kJ/mol (predicted)",,,,Joint Institute for Nuclear Research and Lawrence Livermore National Laboratory (2002),